,Accuracy,Precision,Recall,F1,AUCROC,AUCPR,N_ESTIMTORS,MAX_DEPTH
0,0.64349610608293,0.6498683608058609,0.9452630702630702,0.770214353547687,0.6290402663221599,0.7348921510154849,34,8
1,0.6429341963322546,0.6537774262530393,0.927212297465725,0.7668493480165617,0.6267264235740159,0.7368370024385691,69,10
2,0.6464861735996,0.6567684821480917,0.9284352726669982,0.7693232153280912,0.6287215315763302,0.7376194752685497,70,10
3,0.6462756860578315,0.6570327552986512,0.929923146847368,0.7700150540577528,0.6269683487055302,0.7382074675933615,10,10
4,0.6442234325255874,0.6520027387880862,0.9452394739018943,0.7717035286172548,0.6249399527563251,0.7355014231209538,54,7
