,Accuracy,Precision,Recall,F1,AUCROC,AUCPR,Hidden_units,Learning_rate_ftrl,Learning_rate_adam,L1_regularization_strength,L2_regularization_strength
0,0.9109170305676856,0.9185714285714286,0.934593023255814,0.9265129682997117,0.9566911353111802,0.9610844627242336,128,5.268578386494472e-05,0.0061104569640776435,0.001,0.001
1,0.9205240174672489,0.9081920903954802,0.9611360239162929,0.933914306463326,0.9639026013993041,0.964140292866003,4,4.721379014238991e-05,0.00152605804358219,0.001,57.59704044395536
2,0.9100436681222708,0.9092198581560283,0.9426470588235294,0.9256317689530685,0.9596141682479444,0.9685868700516325,111,0.0003354176644125047,0.00010420383626183363,2.407966410733746,0.00224833218293904
3,0.8986899563318778,0.9132947976878613,0.9186046511627907,0.9159420289855073,0.9493187369599512,0.9543014276285106,52,9.775338264554596e-05,0.0038984940498584513,13.838810996862783,0.13935572545425753
4,0.9204545454545454,0.9185714285714286,0.9497784342688331,0.9339143064633262,0.9417318501133922,0.9383892997043202,97,0.03127850925752711,0.00012733250428296667,100.0,18.199876412937126
