,Accuracy,Precision,Recall,F1,AUCROC,AUCPR,Hidden_units,Learning_rate_ftrl,Learning_rate_adam,L1_regularization_strength,L2_regularization_strength
0,0.8240633550831404,0.8505451180753912,0.8767520942191258,0.8634497968185252,0.8975323391019474,0.9364738678693164,117,1.9489236689457895e-05,0.0004595460023500941,0.001,100.0
1,0.8171389480885101,0.8497100383892837,0.8641800963615218,0.8568839833614761,0.8922747954402617,0.9326342399272309,95,6.382740944762619e-06,0.021411344132495333,0.12078819878531916,23.21343992678293
2,0.8246112558212961,0.8789259066458441,0.839451441829632,0.8587352716792404,0.9033915739820254,0.940368480554526,76,2.7047223570420627e-05,0.0009761465741794519,0.0019044128252191216,0.04729987252555044
3,0.8186912937090536,0.8684322756738314,0.842525549257313,0.8552827771594179,0.8946434953856955,0.9352186627126993,4,5.425950134524981e-06,0.003886806973242556,0.001,0.8953437913884361
4,0.8094035309285131,0.8197535545023696,0.8967276346895607,0.8565146773362912,0.8879245763459143,0.931160155265426,122,1.5041803730123408e-06,0.00023040179862608695,0.006824145026621416,0.20086224331762723
