,Accuracy,Precision,Recall,F1,AUCROC,AUCPR,Hidden_units,Learning_rate_adam
0,0.7221900652494212,0.7360840523239632,0.8767974804193776,0.8003026004728132,0.7714540672218427,0.8483774273964353,47,0.00024674874661214643
1,0.7388902044360249,0.7403525488327776,0.9046153846153846,0.8142825061756119,0.7864937019956008,0.8527343254112832,36,0.00012987786288689527
2,0.7342594785171153,0.7600738007380073,0.8512977351628368,0.8031035558328135,0.7913843191686593,0.8672533747821544,128,9.937645065896383e-05
3,0.7420738285052754,0.7451714894494467,0.9007934859374351,0.8156256465233501,0.792703103049861,0.8588110307020562,99,0.00010262839351029036
4,0.7293656431709948,0.7500721084511105,0.8611640036426856,0.8017882606852431,0.7742640004737866,0.84873247227391,25,0.0004011580920630082
