,Accuracy,Precision,Recall,F1,AUCROC,AUCPR,Hidden_units,Learning_rate_adam
0,0.9004366812227074,0.8741721854304636,0.9720176730486009,0.9205020920502092,0.9323354845234408,0.9313464668802489,83,0.0382871477675955
1,0.8864628820960698,0.8601583113456465,0.9644970414201184,0.909344490934449,0.9027075106294394,0.9157281758301242,128,0.021100184335961326
2,0.8733624454148472,0.8569482288828338,0.9402092675635276,0.8966500356379188,0.922922083631659,0.9310509428014746,128,0.001154930907312058
3,0.7633187772925765,0.7711313394018205,0.8619186046511628,0.8140013726835964,0.8373301613149459,0.8698739305154182,108,0.00015714109157220521
4,0.7534965034965035,0.7512315270935961,0.8840579710144928,0.8122503328894808,0.8410745067994637,0.8713613942273227,41,0.011571135125264538
