,ACCURACY,AUCROC,AUCPR,ALPHA,L1_RATIO,ETA0
0,0.4683750789307514,0.5640654128035391,0.6700932447020843,1.6487661346317438e-05,0.24602052295072255,0.1
1,0.5623700897203147,0.5921047480355659,0.7028768392267961,0.025307003519862443,0.3064669741689948,0.0013768596561252538
2,0.5859973162838424,0.5881844829376114,0.6998795603684667,0.018985137654411077,0.38543591607823746,0.017898679826366014
3,0.6379351172152499,0.5878359882490254,0.7023909092270126,0.0793623157977139,0.1,0.010050080604889693
4,0.6394085300076302,0.5978660552552818,0.7104638199961181,0.010196888209425372,0.43973347551563247,0.02181201561605224
