,metric,RefDNN-test,Random Forest,Elastic Net,RefDNN-test adjusted,Random Forest adjusted,Elastic Net adjusted,RefDNN-test Labels,Random Forest Labels,Elastic Net Labels
0,Accuracy,1.1221578661748662e-07,8.456100132529116e-08,0.00325067046775924,4.039768318229518e-07,3.8052450596381026e-07,0.003900804561311088,**,**,**
1,AUCROC,2.504115851554207e-07,6.361802098655532e-09,1.5082391771820707e-06,7.512347554662622e-07,3.81708125919332e-08,3.878329312753896e-06,**,**,**
2,Precision,0.0001306468276650577,3.000067974112704e-05,0.0018527452310191552,0.00019597024149758653,4.9092021394571516e-05,0.0023821010113103426,**,**,**
3,Recall,0.347369459622754,0.0014165202530872553,0.6947745515430572,0.3678029572476219,0.001961335735043892,0.6947745515430572,ns,**,ns
4,F1,1.5204078679342357e-05,1.3659776735583069e-09,0.11040859119113561,2.7367341622816242e-05,1.2293799062024763e-08,0.12420966509002757,**,**,ns
5,AUCPR,1.8799047554464882e-06,4.697685935946558e-10,1.0620038164563574e-05,4.229785699754598e-06,8.455834684703804e-09,2.1240076329127148e-05,**,**,**
