metric,Elastic Net (mean),Elastic Net (std),Random Forest (mean),Random Forest (std),RefDNN (mean),RefDNN (std),RefDNN-test (mean),RefDNN-test (std)
AUCPR,0.7015749923329581,0.02122269548990286,0.7366115038873838,0.0013966396867785122,0.9351710812658396,0.0035789512308912115,0.8551817261131678,0.007949491802808302
AUCROC,0.5886264204451689,0.021044596118546744,0.6272793045868722,0.001662523900871119,0.8951533560511689,0.005795022004879316,0.7832598383819501,0.0098226987364508
Accuracy,0.597086732081618,0.0793478317958345,0.6446831189196407,0.0016175844290663463,0.8187816767261028,0.006175282660771524,0.7333558439757664,0.007874726540859248
F1,0.6761931477882976,0.19905788973024868,0.7696210999134696,0.0017758802643250712,0.85817330127099,0.0031986606443571205,0.8070205139379665,0.007325200241206722
Precision,0.6714591957791477,0.06383421220765496,0.6538899526587458,0.0030785784004639287,0.8534733786573441,0.022535326500888964,0.7463507999590611,0.009286344600094195
Recall,0.7992430871003229,0.34221613359706554,0.9352146522290111,0.00921229413294539,0.8639273632714307,0.02396614161957748,0.8789336179555439,0.023566243130215006
