,metric,RefDNN-test,Random Forest,Elastic Net,RefDNN-test adjusted,Random Forest adjusted,Elastic Net adjusted,RefDNN-test Labels,Random Forest Labels,Elastic Net Labels
0,Accuracy,0.07270688275173388,9.413866142213662e-12,0.0009597438462112512,0.09007287220197153,1.6944959055984592e-10,0.0019194876924225025,ns,**,**
1,AUCROC,0.028134934804376056,2.6731547925224424e-07,1.4753918444793496e-09,0.038956063575289926,6.873826609343423e-07,6.639263300157074e-09,*,**,**
2,Precision,0.023197697858738438,2.4118672181725447e-11,0.0002702878166382597,0.03479654678810766,2.1706804963552903e-10,0.0006081475874360843,*,**,**
3,Recall,0.5006214446345504,0.005096323521973396,0.5099050040214436,0.5099050040214436,0.009173382339552111,0.5099050040214436,ns,**,ns
4,F1,0.07506072683497628,1.8160408341296166e-10,0.11742152391607895,0.09007287220197153,1.08962450047777e-09,0.13209921440558883,ns,**,ns
5,AUCPR,0.014847969775293216,1.1514243109755292e-07,1.3304161343989324e-08,0.02429667781411617,3.454272932926588e-07,4.7894980838361567e-08,*,**,**
